<?xml version="1.0" encoding="UTF-8"?>
<project-private xmlns="http://www.netbeans.org/ns/project-private/1">
    <editor-bookmarks xmlns="http://www.netbeans.org/ns/editor-bookmarks/2" lastBookmarkId="0"/>
    <open-files xmlns="http://www.netbeans.org/ns/projectui-open-files/2">
        <group>
            <file>file:/C:/Users/RojeruSan/Documents/NetBeansProjects/ExportarExcel/src/excel/FakeDataProvider.java</file>
            <file>file:/C:/Users/RojeruSan/Documents/NetBeansProjects/ExportarExcel/src/excel/Importar.java</file>
            <file>file:/C:/Users/RojeruSan/Documents/NetBeansProjects/ExportarExcel/src/principal/Principal.java</file>
            <file>file:/C:/Users/RojeruSan/Documents/NetBeansProjects/ExportarExcel/src/excel/ExcelGenerator.java</file>
        </group>
    </open-files>
</project-private>
